module,P1,P2,P3,P4
M1,-0.18658973582115057,0.09007213002243016,0.008991434288006726,0.033085617084390645
M2,-0.08547277375898091,-0.085017476745536,0.04812044434054406,0.07856014936252285
M3,0.04875493446257167,0.1388896103834481,-1.7867634581445988,-0.035574166395024726
M4,-0.11841117973870866,0.05720988499126478,-0.0026061616842078155,0.004931393703698871
M5,-0.009334032052700286,0.00941931081508424,0.12822106502201938,-0.11362900193683043
M6,0.023241742137613264,-0.043636363605714094,0.009061680596675056,-0.8402145369740431
M7,0.22418605555734838,-0.08246276614407323,-0.06286044337516111,-0.1555367686797537
M8,-0.012112016791289556,-0.08143718456813073,-0.056330272762557795,0.06657903698539536
M9,0.051036861802739225,-0.046322475600292734,-0.17131566708745716,0.0398038504375089
